Round,Kill_Event_Time,Player,X,Y
1,Snapshot,Noctis#7705,1020,11
1,Snapshot,Luggi#IGL,1479,2617
1,Snapshot,Noctis#7705,-772,1221
1,Snapshot,VRX Saizsu#SRG,3795,4013
1,Snapshot,Umbra#0202,-113,3862
1,Snapshot,Fruchtig#FOKUS,2932,-1786
1,Snapshot,Trashies#6767,1822,23
1,Snapshot,Luggi#IGL,1708,248
1,Snapshot,VRX ProfPanda#Vyrox,1763,-2982
1,Snapshot,SirBrainz#3745,-98,2241
1,Snapshot,Gengar#0960,922,-544
1,Snapshot,Noctis#7705,-674,1778
1,Snapshot,Trashies#6767,3759,1258
1,Snapshot,Luggi#IGL,2908,2071
1,Snapshot,VRX ProfPanda#Vyrox,2243,-785
1,Snapshot,SirBrainz#3745,1134,3389
1,Snapshot,Gengar#0960,3352,1707
1,Snapshot,Noctis#7705,-957,1744
1,Snapshot,VRX Saizsu#SRG,3938,4369
1,Snapshot,Trashies#6767,1700,46
1,Snapshot,Luggi#IGL,1969,247
1,Snapshot,VRX ProfPanda#Vyrox,3097,-2634
1,Snapshot,SirBrainz#3745,284,2266
1,Snapshot,Gengar#0960,1679,-114
1,Snapshot,Noctis#7705,1019,27
1,Snapshot,Luggi#IGL,1738,2606
1,Snapshot,VRX ProfPanda#Vyrox,3117,-44
1,Snapshot,Noctis#7705,-642,1565
1,Snapshot,Trashies#6767,3729,1259
1,Snapshot,Luggi#IGL,2869,1997
1,Snapshot,VRX ProfPanda#Vyrox,2243,-785
1,Snapshot,SirBrainz#3745,1107,3405
1,Snapshot,Noctis#7705,574,774
1,Snapshot,Luggi#IGL,2342,2898
1,Snapshot,VRX ProfPanda#Vyrox,2284,-641
1,Snapshot,SirBrainz#3745,1141,3473
1,Snapshot,Noctis#7705,-764,1100
1,Snapshot,VRX Saizsu#SRG,3796,4015
1,Snapshot,Fruchtig#FOKUS,2823,-1706
1,Snapshot,Trashies#6767,1818,26
1,Snapshot,Luggi#IGL,1708,248
1,Snapshot,VRX ProfPanda#Vyrox,1878,-2982
1,Snapshot,SirBrainz#3745,-83,2242
1,Snapshot,Gengar#0960,987,-538
2,Snapshot,Noctis#7705,-1266,-5189
2,Snapshot,VRX Saizsu#SRG,3188,-2769
2,Snapshot,Umbra#0202,1529,-4958
2,Snapshot,Trashies#6767,754,-4565
2,Snapshot,Luggi#IGL,1268,-5211
2,Snapshot,VRX ProfPanda#Vyrox,2706,-4428
2,Snapshot,SirBrainz#3745,2442,-4593
2,Snapshot,Gengar#0960,-1340,-847
2,Snapshot,Noctis#7705,1075,-5353
2,Snapshot,VRX Saizsu#SRG,2744,-3433
2,Snapshot,Umbra#0202,1734,-4463
2,Snapshot,Trashies#6767,-444,-4454
2,Snapshot,Luggi#IGL,1902,-5308
2,Snapshot,Gengar#0960,2018,-210
2,Snapshot,Noctis#7705,1959,-4290
2,Snapshot,VRX Saizsu#SRG,2641,-3557
2,Snapshot,Trashies#6767,1242,-5477
2,Snapshot,Luggi#IGL,1519,-5207
2,Snapshot,Gengar#0960,3326,-1849
2,Snapshot,Noctis#7705,492,4677
2,Snapshot,VRX Saizsu#SRG,3984,3904
2,Snapshot,Umbra#0202,-126,3009
2,Snapshot,Fruchtig#FOKUS,1718,-4600
2,Snapshot,Trashies#6767,-324,4157
2,Snapshot,Luggi#IGL,386,3824
2,Snapshot,VRX ProfPanda#Vyrox,168,-2292
2,Snapshot,SirBrainz#3745,2711,-534
2,Snapshot,Gengar#0960,-1756,-478
2,Snapshot,Noctis#7705,1025,-5291
2,Snapshot,VRX Saizsu#SRG,3198,-2730
2,Snapshot,Umbra#0202,1361,-3647
2,Snapshot,Trashies#6767,-553,-4935
2,Snapshot,Luggi#IGL,1758,-5622
2,Snapshot,VRX ProfPanda#Vyrox,2699,-3557
2,Snapshot,Gengar#0960,1038,-586
2,Snapshot,Noctis#7705,2255,-4297
2,Snapshot,Trashies#6767,1253,-5485
2,Snapshot,Luggi#IGL,1555,-5236
2,Snapshot,Gengar#0960,3358,-2151
3,Snapshot,VRX Saizsu#SRG,4009,4309
3,Snapshot,VRX ProfPanda#Vyrox,2559,4178
3,Snapshot,Noctis#7705,2341,3472
3,Snapshot,VRX Saizsu#SRG,4043,3228
3,Snapshot,Umbra#0202,3853,4102
3,Snapshot,Fruchtig#FOKUS,-1545,3585
3,Snapshot,Trashies#6767,2109,5341
3,Snapshot,Luggi#IGL,1929,5705
3,Snapshot,VRX ProfPanda#Vyrox,-1229,2325
3,Snapshot,SirBrainz#3745,4322,3112
3,Snapshot,Noctis#7705,2509,3519
3,Snapshot,VRX Saizsu#SRG,4378,3228
3,Snapshot,Fruchtig#FOKUS,249,5063
3,Snapshot,Luggi#IGL,990,5373
3,Snapshot,VRX ProfPanda#Vyrox,282,4285
3,Snapshot,Noctis#7705,509,3986
3,Snapshot,VRX Saizsu#SRG,3495,1519
3,Snapshot,Umbra#0202,2310,5321
3,Snapshot,Fruchtig#FOKUS,-2596,-1988
3,Snapshot,Trashies#6767,2385,5948
3,Snapshot,Luggi#IGL,2162,5251
3,Snapshot,VRX ProfPanda#Vyrox,-757,646
3,Snapshot,SirBrainz#3745,-673,641
3,Snapshot,Gengar#0960,-157,3021
3,Snapshot,Noctis#7705,2504,3478
3,Snapshot,VRX Saizsu#SRG,4111,3185
3,Snapshot,Fruchtig#FOKUS,-995,4097
3,Snapshot,Trashies#6767,2107,5338
3,Snapshot,Luggi#IGL,1876,5649
3,Snapshot,VRX ProfPanda#Vyrox,-1571,2997
3,Snapshot,Noctis#7705,2557,3475
3,Snapshot,VRX Saizsu#SRG,4357,3597
3,Snapshot,Luggi#IGL,905,5427
3,Snapshot,VRX ProfPanda#Vyrox,196,4931
3,Snapshot,Noctis#7705,2557,3475
3,Snapshot,VRX Saizsu#SRG,4430,3859
3,Snapshot,VRX ProfPanda#Vyrox,105,5067
3,Snapshot,Noctis#7705,2330,3472
3,Snapshot,VRX Saizsu#SRG,4177,3090
3,Snapshot,Fruchtig#FOKUS,-1470,3805
3,Snapshot,Trashies#6767,2108,5340
3,Snapshot,Luggi#IGL,1922,5698
3,Snapshot,VRX ProfPanda#Vyrox,-1498,2330
3,Snapshot,SirBrainz#3745,4481,3193
4,Snapshot,Noctis#7705,-2161,-1811
4,Snapshot,VRX Saizsu#SRG,2724,214
4,Snapshot,Fruchtig#FOKUS,-507,-5791
4,Snapshot,Trashies#6767,551,1352
4,Snapshot,Luggi#IGL,-1041,1049
4,Snapshot,VRX Kawii#ECHO,-121,3441
4,Snapshot,Gengar#0960,-1461,4039
4,Snapshot,Noctis#7705,2420,2652
4,Snapshot,Fruchtig#FOKUS,-507,-5652
4,Snapshot,Trashies#6767,1049,-692
4,Snapshot,Luggi#IGL,1310,3151
4,Snapshot,Gengar#0960,1130,4134
4,Snapshot,Noctis#7705,-1404,-2281
4,Snapshot,VRX Saizsu#SRG,2647,1019
4,Snapshot,Umbra#0202,-1533,-1208
4,Snapshot,Fruchtig#FOKUS,-507,-5790
4,Snapshot,Trashies#6767,841,1357
4,Snapshot,Luggi#IGL,803,1029
4,Snapshot,SirBrainz#3745,2116,248
4,Snapshot,VRX Kawii#ECHO,2251,4004
4,Snapshot,Gengar#0960,-1757,2965
4,Snapshot,Noctis#7705,-2317,-1968
4,Snapshot,VRX Saizsu#SRG,2723,237
4,Snapshot,Fruchtig#FOKUS,-500,-5790
4,Snapshot,Trashies#6767,396,1343
4,Snapshot,Luggi#IGL,-1206,1118
4,Snapshot,SirBrainz#3745,1015,-1134
4,Snapshot,VRX Kawii#ECHO,-68,3361
4,Snapshot,Gengar#0960,-1513,4023
4,Snapshot,Noctis#7705,-2018,-1690
4,Snapshot,VRX Saizsu#SRG,2723,245
4,Snapshot,Fruchtig#FOKUS,-507,-5791
4,Snapshot,Trashies#6767,546,1351
4,Snapshot,Luggi#IGL,-896,987
4,Snapshot,Gengar#0960,-1479,3999
5,Snapshot,Noctis#7705,-1469,-5475
5,Snapshot,VRX Saizsu#SRG,2699,1808
5,Snapshot,Umbra#0202,941,1135
5,Snapshot,Fruchtig#FOKUS,3017,-2838
5,Snapshot,Trashies#6767,-87,-39
5,Snapshot,Luggi#IGL,-304,-788
5,Snapshot,SirBrainz#3745,3150,568
5,Snapshot,VRX Kawii#ECHO,2885,530
5,Snapshot,Gengar#0960,-1684,3013
5,Snapshot,Noctis#7705,-1815,-3307
5,Snapshot,VRX Saizsu#SRG,4045,-1945
5,Snapshot,Umbra#0202,2511,-1779
5,Snapshot,Fruchtig#FOKUS,2510,-3867
5,Snapshot,Trashies#6767,2299,-641
5,Snapshot,Luggi#IGL,860,-1544
5,Snapshot,VRX Kawii#ECHO,2767,3712
5,Snapshot,Gengar#0960,413,2933
5,Snapshot,Noctis#7705,-1410,-4158
5,Snapshot,VRX Saizsu#SRG,4397,-1944
5,Snapshot,Fruchtig#FOKUS,2822,-3925
5,Snapshot,Trashies#6767,2459,-1633
5,Snapshot,Luggi#IGL,63,-2451
5,Snapshot,VRX Kawii#ECHO,4182,3439
5,Snapshot,Gengar#0960,423,2649
5,Snapshot,Fruchtig#FOKUS,487,-2690
5,Snapshot,Trashies#6767,4207,-1489
5,Snapshot,Luggi#IGL,1383,-5068
5,Snapshot,VRX Kawii#ECHO,2479,-1062
5,Snapshot,Gengar#0960,3089,646
5,Snapshot,Noctis#7705,186,-3509
5,Snapshot,Fruchtig#FOKUS,1153,-3157
5,Snapshot,Trashies#6767,4189,-1408
5,Snapshot,Luggi#IGL,885,-5050
5,Snapshot,VRX Kawii#ECHO,2629,-681
5,Snapshot,Gengar#0960,3104,1408
5,Snapshot,Luggi#IGL,1558,-4295
5,Snapshot,VRX Kawii#ECHO,2688,-1301
5,Snapshot,Gengar#0960,3157,588
5,Snapshot,Fruchtig#FOKUS,116,-2822
5,Snapshot,Luggi#IGL,1561,-4454
5,Snapshot,VRX Kawii#ECHO,2479,-1244
5,Snapshot,Gengar#0960,3111,596
5,Snapshot,VRX Kawii#ECHO,745,-4497
5,Snapshot,Gengar#0960,1544,-3966
5,Snapshot,Gengar#0960,427,-4533
6,Snapshot,Noctis#7705,1355,2505
6,Snapshot,VRX Saizsu#SRG,4324,3351
6,Snapshot,Umbra#0202,1219,2922
6,Snapshot,Fruchtig#FOKUS,2802,-4020
6,Snapshot,Trashies#6767,2142,5708
6,Snapshot,Luggi#IGL,1952,5387
6,Snapshot,VRX ProfPanda#Vyrox,3151,-2330
6,Snapshot,SirBrainz#3745,3372,1547
6,Snapshot,Gengar#0960,-915,1590
6,Snapshot,Noctis#7705,1355,2241
6,Snapshot,VRX Saizsu#SRG,3960,3768
6,Snapshot,Umbra#0202,1888,3538
6,Snapshot,Luggi#IGL,391,4796
6,Snapshot,VRX ProfPanda#Vyrox,-1165,2874
6,Snapshot,SirBrainz#3745,3287,4483
6,Snapshot,Gengar#0960,48,2756
6,Snapshot,VRX Saizsu#SRG,6049,608
6,Snapshot,Umbra#0202,270,2744
6,Snapshot,Luggi#IGL,241,4137
6,Snapshot,SirBrainz#3745,3040,1111
6,Snapshot,Gengar#0960,-80,3372
6,Snapshot,Noctis#7705,1355,2241
6,Snapshot,VRX Saizsu#SRG,4412,3437
6,Snapshot,Umbra#0202,1325,3019
6,Snapshot,Trashies#6767,2244,5510
6,Snapshot,Luggi#IGL,331,3536
6,Snapshot,VRX ProfPanda#Vyrox,-720,1149
6,Snapshot,SirBrainz#3745,3262,4506
6,Snapshot,Gengar#0960,557,2608
6,Snapshot,Noctis#7705,1355,2241
6,Snapshot,VRX Saizsu#SRG,3961,3829
6,Snapshot,Umbra#0202,2046,3537
6,Snapshot,Luggi#IGL,423,4421
6,Snapshot,SirBrainz#3745,3166,4417
6,Snapshot,Gengar#0960,-114,3407
7,Snapshot,Noctis#7705,745,1047
7,Snapshot,Umbra#0202,-1997,-1703
7,Snapshot,Trashies#6767,-3252,-1124
7,Snapshot,Luggi#IGL,-1678,-1372
7,Snapshot,VRX ProfPanda#Vyrox,640,-3117
7,Snapshot,SirBrainz#3745,624,-1835
7,Snapshot,VRX Kawii#ECHO,2834,-1331
7,Snapshot,Gengar#0960,234,-737
7,Snapshot,Noctis#7705,731,607
7,Snapshot,Umbra#0202,1291,-3899
7,Snapshot,Trashies#6767,992,-5224
7,Snapshot,Luggi#IGL,1129,-5265
7,Snapshot,VRX Kawii#ECHO,3252,2194
7,Snapshot,Gengar#0960,548,-1117
7,Snapshot,Noctis#7705,1759,3457
7,Snapshot,Umbra#0202,-1395,839
7,Snapshot,Trashies#6767,-1489,628
7,Snapshot,Luggi#IGL,-888,1753
7,Snapshot,Gengar#0960,-1052,-812
7,Snapshot,Noctis#7705,-681,1303
7,Snapshot,VRX Saizsu#SRG,558,4221
7,Snapshot,Umbra#0202,-1940,-3225
7,Snapshot,Trashies#6767,-2452,-2790
7,Snapshot,VRX ProfPanda#Vyrox,195,-4126
7,Snapshot,SirBrainz#3745,2515,-731
7,Snapshot,VRX Kawii#ECHO,2817,504
7,Snapshot,Gengar#0960,-2018,-1957
7,Snapshot,Noctis#7705,-1678,2964
7,Snapshot,VRX Saizsu#SRG,647,5576
7,Snapshot,Umbra#0202,-1960,-1636
7,Snapshot,Fruchtig#FOKUS,-1750,-2264
7,Snapshot,Trashies#6767,-2314,-1752
7,Snapshot,VRX ProfPanda#Vyrox,774,-3023
7,Snapshot,SirBrainz#3745,2676,386
7,Snapshot,VRX Kawii#ECHO,2850,749
7,Snapshot,Gengar#0960,-1431,-1143
7,Snapshot,Noctis#7705,934,1282
7,Snapshot,Umbra#0202,-1100,-4049
7,Snapshot,Trashies#6767,-1078,-3680
7,Snapshot,Luggi#IGL,-1402,-4311
7,Snapshot,VRX ProfPanda#Vyrox,3082,-2604
7,Snapshot,VRX Kawii#ECHO,5378,371
7,Snapshot,Gengar#0960,112,-807
8,Snapshot,Noctis#7705,-722,2389
8,Snapshot,VRX Saizsu#SRG,4114,4434
8,Snapshot,Umbra#0202,-2389,2058
8,Snapshot,Fruchtig#FOKUS,1637,-4815
8,Snapshot,Trashies#6767,-1677,156
8,Snapshot,Luggi#IGL,-1285,2108
8,Snapshot,VRX ProfPanda#Vyrox,260,-2778
8,Snapshot,SirBrainz#3745,3097,800
8,Snapshot,Gengar#0960,-2010,-2771
8,Snapshot,Noctis#7705,-952,2886
8,Snapshot,VRX Saizsu#SRG,3842,4757
8,Snapshot,Umbra#0202,272,2491
8,Snapshot,Fruchtig#FOKUS,3344,-2687
8,Snapshot,Trashies#6767,288,-723
8,Snapshot,Luggi#IGL,466,3776
8,Snapshot,VRX ProfPanda#Vyrox,832,-3000
8,Snapshot,Gengar#0960,-1557,-3649
8,Snapshot,Umbra#0202,-128,-4599
8,Snapshot,Fruchtig#FOKUS,2314,-4405
8,Snapshot,Trashies#6767,1805,156
8,Snapshot,Luggi#IGL,535,-4663
8,Snapshot,Gengar#0960,756,-4364
8,Snapshot,Umbra#0202,658,-5068
8,Snapshot,Trashies#6767,2361,-1099
8,Snapshot,Luggi#IGL,937,-5117
8,Snapshot,Gengar#0960,489,-4278
8,Snapshot,VRX Saizsu#SRG,4053,2176
8,Snapshot,Umbra#0202,-1454,-3343
8,Snapshot,Fruchtig#FOKUS,3098,-2524
8,Snapshot,Trashies#6767,1223,-789
8,Snapshot,Luggi#IGL,-2240,-2611
8,Snapshot,VRX ProfPanda#Vyrox,-40,-4119
8,Snapshot,Gengar#0960,119,-5474
8,Snapshot,VRX Saizsu#SRG,3979,1823
8,Snapshot,Umbra#0202,-1327,-4353
8,Snapshot,Fruchtig#FOKUS,3070,-2884
8,Snapshot,Trashies#6767,1419,-729
8,Snapshot,Luggi#IGL,-1707,-3149
8,Snapshot,Gengar#0960,97,-5474
9,Snapshot,Noctis#7705,-3134,-975
9,Snapshot,VRX Saizsu#SRG,-128,-3797
9,Snapshot,Umbra#0202,2983,-4291
9,Snapshot,Trashies#6767,-542,-4960
9,Snapshot,Luggi#IGL,1442,-4592
9,Snapshot,VRX Kawii#ECHO,-1453,-1805
9,Snapshot,Noctis#7705,-3174,-1060
9,Snapshot,VRX Saizsu#SRG,-58,-3764
9,Snapshot,Umbra#0202,3044,-4127
9,Snapshot,Trashies#6767,-774,-4909
9,Snapshot,Luggi#IGL,1442,-4592
9,Snapshot,Noctis#7705,-2642,-412
9,Snapshot,VRX Saizsu#SRG,-514,-4735
9,Snapshot,Umbra#0202,3298,-3307
9,Snapshot,Luggi#IGL,2342,-4277
9,Snapshot,VRX Saizsu#SRG,-1417,-5649
9,Snapshot,Umbra#0202,2971,-2912
9,Snapshot,Luggi#IGL,2796,-3948
9,Snapshot,Noctis#7705,-3644,2022
9,Snapshot,VRX Saizsu#SRG,290,-1041
9,Snapshot,Umbra#0202,-1197,-2531
9,Snapshot,Trashies#6767,-2570,-2232
9,Snapshot,Luggi#IGL,-1566,-3252
9,Snapshot,VRX ProfPanda#Vyrox,-1595,-3881
9,Snapshot,SirBrainz#3745,-1730,-7
9,Snapshot,VRX Kawii#ECHO,-1756,847
9,Snapshot,Noctis#7705,-3645,2098
9,Snapshot,VRX Saizsu#SRG,700,-1236
9,Snapshot,Umbra#0202,-1198,-2534
9,Snapshot,Trashies#6767,-2269,-2344
9,Snapshot,Luggi#IGL,-1637,-3255
9,Snapshot,SirBrainz#3745,-1443,-491
9,Snapshot,VRX Kawii#ECHO,-1699,505
9,Snapshot,Noctis#7705,-3284,2543
9,Snapshot,VRX Saizsu#SRG,674,-605
9,Snapshot,Umbra#0202,-1920,-2299
9,Snapshot,Fruchtig#FOKUS,-959,-4870
9,Snapshot,Trashies#6767,-3317,-239
9,Snapshot,Luggi#IGL,-2179,-2777
9,Snapshot,VRX ProfPanda#Vyrox,-1957,-3917
9,Snapshot,SirBrainz#3745,-802,680
9,Snapshot,VRX Kawii#ECHO,-1013,890
10,Snapshot,VRX Saizsu#SRG,-401,-465
10,Snapshot,Umbra#0202,967,-5298
10,Snapshot,Fruchtig#FOKUS,4,-1969
10,Snapshot,Trashies#6767,-1696,-4507
10,Snapshot,Luggi#IGL,1247,-5102
10,Snapshot,VRX Kawii#ECHO,-1973,-1894
10,Snapshot,VRX Saizsu#SRG,82,-3444
10,Snapshot,Fruchtig#FOKUS,-507,-4625
10,Snapshot,Trashies#6767,-1360,-4239
10,Snapshot,Luggi#IGL,1565,-5284
10,Snapshot,VRX Kawii#ECHO,-1710,-2357
10,Snapshot,VRX Saizsu#SRG,328,-3587
10,Snapshot,Fruchtig#FOKUS,-479,-4857
10,Snapshot,Trashies#6767,-1094,-4127
10,Snapshot,VRX Kawii#ECHO,-1187,-2316
10,Snapshot,VRX Saizsu#SRG,784,-3644
10,Snapshot,Fruchtig#FOKUS,-989,-5209
10,Snapshot,VRX Saizsu#SRG,524,-3623
10,Snapshot,Fruchtig#FOKUS,-479,-4858
10,Snapshot,Trashies#6767,-1250,-4120
10,Snapshot,Noctis#7705,-1535,843
10,Snapshot,VRX Saizsu#SRG,3040,3676
10,Snapshot,Umbra#0202,-2605,-2036
10,Snapshot,Fruchtig#FOKUS,-263,-1088
10,Snapshot,Trashies#6767,-2817,-1761
10,Snapshot,Luggi#IGL,-2790,-2113
10,Snapshot,VRX Kawii#ECHO,2280,131
10,Snapshot,Gengar#0960,-1544,-794
10,Snapshot,Noctis#7705,-833,-4863
10,Snapshot,VRX Saizsu#SRG,-1537,2705
10,Snapshot,Umbra#0202,1377,-5639
10,Snapshot,Fruchtig#FOKUS,642,-1718
10,Snapshot,Trashies#6767,-951,-4888
10,Snapshot,Luggi#IGL,-879,-5071
10,Snapshot,VRX Kawii#ECHO,-1295,1182
10,Snapshot,Noctis#7705,-1186,1085
10,Snapshot,VRX Saizsu#SRG,3368,3765
10,Snapshot,Umbra#0202,-2592,-1877
10,Snapshot,Fruchtig#FOKUS,55,-1075
10,Snapshot,Trashies#6767,-2491,-1988
10,Snapshot,Luggi#IGL,-2823,-2225
10,Snapshot,VRX ProfPanda#Vyrox,-1228,-3356
10,Snapshot,VRX Kawii#ECHO,2573,326
10,Snapshot,Gengar#0960,-1677,-353
11,Snapshot,Noctis#7705,-1202,3992
11,Snapshot,VRX Saizsu#SRG,1384,-3818
11,Snapshot,Umbra#0202,-1174,2464
11,Snapshot,Fruchtig#FOKUS,-197,-1006
11,Snapshot,Luggi#IGL,-1175,-139
11,Snapshot,VRX ProfPanda#Vyrox,-980,-5166
11,Snapshot,VRX Kawii#ECHO,543,591
11,Snapshot,Gengar#0960,-2503,-2646
11,Snapshot,Noctis#7705,538,4547
11,Snapshot,VRX Saizsu#SRG,789,-1637
11,Snapshot,Luggi#IGL,-1094,138
11,Snapshot,VRX ProfPanda#Vyrox,815,-2387
11,Snapshot,VRX Kawii#ECHO,271,1111
11,Snapshot,Gengar#0960,-2216,-2360
11,Snapshot,Noctis#7705,4390,3088
11,Snapshot,VRX Saizsu#SRG,251,972
11,Snapshot,Luggi#IGL,-2570,2482
11,Snapshot,VRX ProfPanda#Vyrox,-144,4100
11,Snapshot,Luggi#IGL,-2582,2159
11,Snapshot,VRX ProfPanda#Vyrox,1183,2899
11,Snapshot,Luggi#IGL,1315,3489
11,Snapshot,Noctis#7705,1875,5242
11,Snapshot,VRX Saizsu#SRG,166,-1093
11,Snapshot,Luggi#IGL,-824,729
11,Snapshot,VRX ProfPanda#Vyrox,1159,-138
11,Snapshot,VRX Kawii#ECHO,526,892
11,Snapshot,VRX Saizsu#SRG,-593,2564
11,Snapshot,Luggi#IGL,-2738,2732
11,Snapshot,VRX ProfPanda#Vyrox,428,2537
11,Snapshot,Noctis#7705,-1366,3968
11,Snapshot,VRX Saizsu#SRG,1374,-3798
11,Snapshot,Umbra#0202,-1288,2642
11,Snapshot,Fruchtig#FOKUS,-202,-1024
11,Snapshot,Luggi#IGL,-1162,-365
11,Snapshot,VRX ProfPanda#Vyrox,-863,-5134
11,Snapshot,SirBrainz#3745,1677,-357
11,Snapshot,VRX Kawii#ECHO,550,587
11,Snapshot,Gengar#0960,-2495,-2651
11,Snapshot,Noctis#7705,264,4040
11,Snapshot,VRX Saizsu#SRG,702,-2640
11,Snapshot,Fruchtig#FOKUS,744,-482
11,Snapshot,Luggi#IGL,-1115,-344
11,Snapshot,VRX ProfPanda#Vyrox,284,-3186
11,Snapshot,VRX Kawii#ECHO,-148,1356
11,Snapshot,Gengar#0960,-2273,-2267
12,Snapshot,Noctis#7705,1912,-257
12,Snapshot,Umbra#0202,3709,-1242
12,Snapshot,Fruchtig#FOKUS,2073,-4550
12,Snapshot,Trashies#6767,2521,-1314
12,Snapshot,Luggi#IGL,-1381,-4539
12,Snapshot,SirBrainz#3745,704,-2823
12,Snapshot,Gengar#0960,-1555,-4553
12,Snapshot,Noctis#7705,-844,2057
12,Snapshot,VRX Saizsu#SRG,4388,3308
12,Snapshot,Umbra#0202,-1587,1393
12,Snapshot,Fruchtig#FOKUS,3074,-2101
12,Snapshot,Trashies#6767,-2898,-1047
12,Snapshot,Luggi#IGL,-1241,3091
12,Snapshot,SirBrainz#3745,2430,-962
12,Snapshot,Gengar#0960,-1346,-2243
12,Snapshot,Noctis#7705,643,-821
12,Snapshot,Umbra#0202,3267,-3564
12,Snapshot,Trashies#6767,3025,-3260
12,Snapshot,Luggi#IGL,-266,-5026
12,Snapshot,SirBrainz#3745,367,-2316
12,Snapshot,Gengar#0960,-558,-5257
12,Snapshot,Noctis#7705,1982,-3030
12,Snapshot,Umbra#0202,155,-3462
12,Snapshot,Trashies#6767,1201,-2803
12,Snapshot,Luggi#IGL,113,-4663
12,Snapshot,Noctis#7705,-1670,2066
12,Snapshot,VRX Saizsu#SRG,2642,1043
12,Snapshot,Umbra#0202,-1300,1110
12,Snapshot,Fruchtig#FOKUS,-399,-4615
12,Snapshot,Trashies#6767,-1751,-845
12,Snapshot,Luggi#IGL,-1557,-1142
12,Snapshot,VRX ProfPanda#Vyrox,789,-535
12,Snapshot,SirBrainz#3745,3068,783
12,Snapshot,Gengar#0960,-1188,-2242
12,Snapshot,Noctis#7705,2401,-356
12,Snapshot,Umbra#0202,1694,-4182
12,Snapshot,Trashies#6767,3055,-2834
12,Snapshot,Luggi#IGL,761,-5190
12,Snapshot,SirBrainz#3745,107,-2344
13,Snapshot,Noctis#7705,4477,3229
13,Snapshot,VRX Saizsu#SRG,509,-1136
13,Snapshot,Umbra#0202,1113,-3093
13,Snapshot,Luggi#IGL,3336,1668
13,Snapshot,SirBrainz#3745,-1597,-3849
13,Snapshot,VRX Kawii#ECHO,773,-441
13,Snapshot,Gengar#0960,2477,-1841
13,Snapshot,Noctis#7705,2727,4738
13,Snapshot,VRX Saizsu#SRG,-1251,1293
13,Snapshot,Umbra#0202,925,-1464
13,Snapshot,Trashies#6767,-1438,-4677
13,Snapshot,Luggi#IGL,2975,1008
13,Snapshot,VRX ProfPanda#Vyrox,-1131,-107
13,Snapshot,SirBrainz#3745,-1735,73
13,Snapshot,VRX Kawii#ECHO,-36,995
13,Snapshot,Gengar#0960,2659,-1465
13,Snapshot,Noctis#7705,2682,156
13,Snapshot,Luggi#IGL,2395,145
13,Snapshot,SirBrainz#3745,380,-5320
13,Snapshot,Gengar#0960,1930,-2967
13,Snapshot,Noctis#7705,4547,3566
13,Snapshot,VRX Saizsu#SRG,42,-907
13,Snapshot,Umbra#0202,1313,-3157
13,Snapshot,Luggi#IGL,3597,1654
13,Snapshot,VRX ProfPanda#Vyrox,957,-1839
13,Snapshot,SirBrainz#3745,-1757,-3842
13,Snapshot,VRX Kawii#ECHO,675,376
13,Snapshot,Gengar#0960,2442,-1110
13,Snapshot,Noctis#7705,324,-1154
13,Snapshot,SirBrainz#3745,-153,-1842
13,Snapshot,Gengar#0960,313,-847
13,Snapshot,Noctis#7705,3956,1894
13,Snapshot,VRX Saizsu#SRG,152,-1040
13,Snapshot,Luggi#IGL,3154,1231
13,Snapshot,SirBrainz#3745,-1892,-4501
13,Snapshot,VRX Kawii#ECHO,620,-668
13,Snapshot,Gengar#0960,3168,-2222
13,Snapshot,Noctis#7705,2858,639
13,Snapshot,VRX Saizsu#SRG,16,-634
13,Snapshot,Luggi#IGL,2692,538
13,Snapshot,SirBrainz#3745,-486,-5352
13,Snapshot,Gengar#0960,1962,-2908
13,Snapshot,Noctis#7705,1314,-886
13,Snapshot,Gengar#0960,251,-1064
14,Snapshot,Noctis#7705,-160,2826
14,Snapshot,VRX Saizsu#SRG,2261,3492
14,Snapshot,Umbra#0202,-1084,3433
14,Snapshot,Trashies#6767,3880,1527
14,Snapshot,Luggi#IGL,1571,-4060
14,Snapshot,SirBrainz#3745,2043,5958
14,Snapshot,Gengar#0960,2796,711
14,Snapshot,Noctis#7705,1042,4147
14,Snapshot,Umbra#0202,1224,3347
14,Snapshot,Trashies#6767,4015,4094
14,Snapshot,Luggi#IGL,2679,144
14,Snapshot,SirBrainz#3745,2582,5953
14,Snapshot,Gengar#0960,1455,2651
14,Snapshot,Noctis#7705,162,3124
14,Snapshot,VRX Saizsu#SRG,-1520,-4110
14,Snapshot,Umbra#0202,3140,431
14,Snapshot,Fruchtig#FOKUS,157,641
14,Snapshot,Trashies#6767,1169,-3902
14,Snapshot,Luggi#IGL,2762,-4081
14,Snapshot,SirBrainz#3745,-1333,-4922
14,Snapshot,VRX Kawii#ECHO,-1535,-5011
14,Snapshot,Gengar#0960,2957,401
14,Snapshot,Noctis#7705,2857,-1704
14,Snapshot,VRX Saizsu#SRG,-1417,601
14,Snapshot,Umbra#0202,544,-3543
14,Snapshot,Trashies#6767,713,-2506
14,Snapshot,Luggi#IGL,1540,-5190
14,Snapshot,SirBrainz#3745,-1581,-269
14,Snapshot,VRX Kawii#ECHO,-1188,-1093
14,Snapshot,Gengar#0960,2650,950
14,Snapshot,Noctis#7705,1642,4617
14,Snapshot,Umbra#0202,1444,3950
14,Snapshot,Trashies#6767,3430,3777
14,Snapshot,Luggi#IGL,2861,1311
14,Snapshot,Gengar#0960,1742,3425
15,Snapshot,VRX Saizsu#SRG,757,-4342
15,Snapshot,Fruchtig#FOKUS,2975,-3607
15,Snapshot,SirBrainz#3745,-122,-4881
15,Snapshot,VRX Kawii#ECHO,957,-3443
15,Snapshot,VRX Saizsu#SRG,757,-4342
15,Snapshot,Fruchtig#FOKUS,3113,-2961
15,Snapshot,Luggi#IGL,1026,-5350
15,Snapshot,SirBrainz#3745,-143,-5616
15,Snapshot,VRX Kawii#ECHO,957,-3441
15,Snapshot,Noctis#7705,924,2602
15,Snapshot,VRX Saizsu#SRG,461,-4363
15,Snapshot,Fruchtig#FOKUS,943,1344
15,Snapshot,Trashies#6767,3271,-3473
15,Snapshot,Luggi#IGL,1241,-5495
15,Snapshot,SirBrainz#3745,-157,-3209
15,Snapshot,VRX Kawii#ECHO,958,-3442
15,Snapshot,Noctis#7705,231,2475
15,Snapshot,VRX Saizsu#SRG,-2459,-2222
15,Snapshot,Fruchtig#FOKUS,614,1330
15,Snapshot,Trashies#6767,3011,-1931
15,Snapshot,Luggi#IGL,1345,-4096
15,Snapshot,VRX ProfPanda#Vyrox,-1789,-4139
15,Snapshot,SirBrainz#3745,139,-1858
15,Snapshot,VRX Kawii#ECHO,-1042,-3707
15,Snapshot,Gengar#0960,2788,-3328
15,Snapshot,Noctis#7705,-482,4016
15,Snapshot,VRX Saizsu#SRG,-1912,-4323
15,Snapshot,Fruchtig#FOKUS,957,1347
15,Snapshot,Trashies#6767,3344,-2614
15,Snapshot,Luggi#IGL,1456,-4899
15,Snapshot,VRX ProfPanda#Vyrox,-1426,-5589
15,Snapshot,SirBrainz#3745,-36,-2740
15,Snapshot,VRX Kawii#ECHO,-750,-4995
15,Snapshot,Noctis#7705,550,-3157
15,Snapshot,VRX Saizsu#SRG,757,-4342
15,Snapshot,Fruchtig#FOKUS,3126,-2884
15,Snapshot,Luggi#IGL,1041,-5583
15,Snapshot,SirBrainz#3745,129,-5790
15,Snapshot,VRX Kawii#ECHO,957,-3441
16,Snapshot,Noctis#7705,2908,5041
16,Snapshot,VRX Saizsu#SRG,-614,3899
16,Snapshot,Fruchtig#FOKUS,-1042,-3506
16,Snapshot,Trashies#6767,-2513,-2513
16,Snapshot,Luggi#IGL,1719,3085
16,Snapshot,SirBrainz#3745,1620,5242
16,Snapshot,VRX Kawii#ECHO,-132,4751
16,Snapshot,Gengar#0960,1440,-482
16,Snapshot,Noctis#7705,1108,4104
16,Snapshot,Fruchtig#FOKUS,2462,4359
16,Snapshot,SirBrainz#3745,2142,4721
16,Snapshot,Noctis#7705,2495,4529
16,Snapshot,VRX Saizsu#SRG,216,3920
16,Snapshot,Fruchtig#FOKUS,-1042,-3819
16,Snapshot,Luggi#IGL,2160,4097
16,Snapshot,SirBrainz#3745,1221,5578
16,Snapshot,VRX Kawii#ECHO,-87,5333
16,Snapshot,Gengar#0960,1099,331
16,Snapshot,Noctis#7705,1109,4106
16,Snapshot,Fruchtig#FOKUS,2461,4360
16,Snapshot,SirBrainz#3745,2153,4720
16,Snapshot,VRX Kawii#ECHO,1566,3720
16,Snapshot,Noctis#7705,1744,5417
16,Snapshot,VRX Saizsu#SRG,-809,2132
16,Snapshot,Fruchtig#FOKUS,-1546,-2363
16,Snapshot,Trashies#6767,-1411,-4609
16,Snapshot,Luggi#IGL,1621,2714
16,Snapshot,VRX ProfPanda#Vyrox,384,4114
16,Snapshot,SirBrainz#3745,-116,4157
16,Snapshot,VRX Kawii#ECHO,-214,4157
16,Snapshot,Gengar#0960,1152,-3154
16,Snapshot,Fruchtig#FOKUS,2446,4206
16,Snapshot,SirBrainz#3745,1663,4730
16,Snapshot,Noctis#7705,2317,5468
16,Snapshot,Fruchtig#FOKUS,-1565,2850
16,Snapshot,SirBrainz#3745,1357,5958
16,Snapshot,VRX Kawii#ECHO,-157,5022
16,Snapshot,Gengar#0960,2561,2248
16,Snapshot,Noctis#7705,2995,4401
16,Snapshot,Fruchtig#FOKUS,-4221,583
16,Snapshot,Luggi#IGL,1901,5827
16,Snapshot,SirBrainz#3745,1253,5958
16,Snapshot,VRX Kawii#ECHO,82,4800
16,Snapshot,Gengar#0960,3253,2284
17,Snapshot,Noctis#7705,320,4170
17,Snapshot,VRX Saizsu#SRG,-1850,-2565
17,Snapshot,Umbra#0202,3036,818
17,Snapshot,Trashies#6767,-967,-5042
17,Snapshot,Luggi#IGL,-195,3506
17,Snapshot,VRX ProfPanda#Vyrox,-1908,-2937
17,Snapshot,SirBrainz#3745,-1504,-2271
17,Snapshot,VRX Kawii#ECHO,-1247,-745
17,Snapshot,Gengar#0960,659,-1688
17,Snapshot,VRX Saizsu#SRG,-1280,-5644
17,Snapshot,Luggi#IGL,747,-1351
17,Snapshot,VRX ProfPanda#Vyrox,1276,-5062
17,Snapshot,SirBrainz#3745,2419,-3939
17,Snapshot,VRX Kawii#ECHO,945,-3441
17,Snapshot,VRX Saizsu#SRG,-1195,-5586
17,Snapshot,Luggi#IGL,44,-2270
17,Snapshot,SirBrainz#3745,2419,-3939
17,Snapshot,VRX Kawii#ECHO,688,-3579
17,Snapshot,Noctis#7705,101,-3767
17,Snapshot,VRX Saizsu#SRG,-870,-4853
17,Snapshot,Umbra#0202,2375,-705
17,Snapshot,Luggi#IGL,552,3409
17,Snapshot,VRX ProfPanda#Vyrox,1089,-5304
17,Snapshot,SirBrainz#3745,-351,-5377
17,Snapshot,VRX Kawii#ECHO,-1450,-3845
17,Snapshot,Gengar#0960,-410,-570
17,Snapshot,VRX Saizsu#SRG,-870,-4853
17,Snapshot,Umbra#0202,2375,-705
17,Snapshot,Luggi#IGL,552,3409
17,Snapshot,VRX ProfPanda#Vyrox,1089,-5304
17,Snapshot,SirBrainz#3745,-351,-5377
17,Snapshot,VRX Kawii#ECHO,-1450,-3845
17,Snapshot,Gengar#0960,-410,-570
17,Snapshot,VRX Saizsu#SRG,302,-4505
17,Snapshot,Luggi#IGL,2171,218
17,Snapshot,VRX ProfPanda#Vyrox,1797,-4895
17,Snapshot,SirBrainz#3745,1282,-5201
17,Snapshot,VRX Kawii#ECHO,360,-4205
17,Snapshot,Gengar#0960,-2608,-2092
17,Snapshot,VRX Saizsu#SRG,-434,-4829
17,Snapshot,SirBrainz#3745,3017,-3396
17,Snapshot,VRX Kawii#ECHO,556,-3503
18,Snapshot,Noctis#7705,4545,4015
18,Snapshot,Umbra#0202,297,-622
18,Snapshot,Fruchtig#FOKUS,-548,3571
18,Snapshot,Trashies#6767,3889,1767
18,Snapshot,Luggi#IGL,2989,1973
18,Snapshot,SirBrainz#3745,1105,3510
18,Snapshot,VRX Kawii#ECHO,2557,3442
18,Snapshot,Gengar#0960,3737,1585
18,Snapshot,Noctis#7705,3135,4409
18,Snapshot,Trashies#6767,3607,4168
18,Snapshot,Luggi#IGL,1195,3429
18,Snapshot,SirBrainz#3745,-1019,4138
18,Snapshot,Gengar#0960,4386,3478
18,Snapshot,Noctis#7705,1774,4085
18,Snapshot,Umbra#0202,841,811
18,Snapshot,Fruchtig#FOKUS,-1528,-1259
18,Snapshot,Trashies#6767,1532,-4207
18,Snapshot,Luggi#IGL,2886,881
18,Snapshot,VRX ProfPanda#Vyrox,-393,4042
18,Snapshot,SirBrainz#3745,-1751,3729
18,Snapshot,VRX Kawii#ECHO,-1538,2620
18,Snapshot,Gengar#0960,2956,5429
18,Snapshot,Noctis#7705,3880,4610
18,Snapshot,Umbra#0202,-1473,2933
18,Snapshot,Trashies#6767,4313,3462
18,Snapshot,Luggi#IGL,2529,2808
18,Snapshot,SirBrainz#3745,23,3851
18,Snapshot,VRX Kawii#ECHO,2557,3442
18,Snapshot,Gengar#0960,4530,3353
18,Snapshot,Noctis#7705,-1363,4049
18,Snapshot,Trashies#6767,434,4313
18,Snapshot,Gengar#0960,1990,4199
18,Snapshot,Noctis#7705,3482,4188
18,Snapshot,Trashies#6767,4104,4164
18,Snapshot,Luggi#IGL,1639,2972
18,Snapshot,SirBrainz#3745,-1349,4154
18,Snapshot,VRX Kawii#ECHO,2557,3442
18,Snapshot,Gengar#0960,4441,3397
18,Snapshot,Noctis#7705,1139,2914
18,Snapshot,Trashies#6767,977,5585
18,Snapshot,SirBrainz#3745,-1481,3020
18,Snapshot,Gengar#0960,3228,4044
18,Snapshot,Noctis#7705,2381,2556
18,Snapshot,Fruchtig#FOKUS,-3338,-15
18,Snapshot,Trashies#6767,957,-1209
18,Snapshot,Luggi#IGL,1016,-450
18,Snapshot,VRX ProfPanda#Vyrox,-816,4157
18,Snapshot,SirBrainz#3745,-1147,962
18,Snapshot,VRX Kawii#ECHO,-586,772
18,Snapshot,Gengar#0960,3645,3889
19,Snapshot,Noctis#7705,-1093,-3779
19,Snapshot,Umbra#0202,3216,-3437
19,Snapshot,Fruchtig#FOKUS,901,1341
19,Snapshot,Trashies#6767,-1397,-3521
19,Snapshot,Luggi#IGL,2758,1148
19,Snapshot,VRX ProfPanda#Vyrox,339,-2848
19,Snapshot,SirBrainz#3745,-157,-3130
19,Snapshot,VRX Kawii#ECHO,-113,-2219
19,Snapshot,Gengar#0960,557,4266
19,Snapshot,Noctis#7705,-1049,-5642
19,Snapshot,Fruchtig#FOKUS,937,1237
19,Snapshot,Trashies#6767,-1804,-2498
19,Snapshot,Luggi#IGL,4986,1039
19,Snapshot,VRX ProfPanda#Vyrox,1742,-2845
19,Snapshot,SirBrainz#3745,-265,-4579
19,Snapshot,VRX Kawii#ECHO,22,-2487
19,Snapshot,Gengar#0960,557,4266
19,Snapshot,Noctis#7705,-1101,-4055
19,Snapshot,Fruchtig#FOKUS,590,873
19,Snapshot,VRX ProfPanda#Vyrox,1874,-3525
19,Snapshot,SirBrainz#3745,-506,-5790
19,Snapshot,VRX Kawii#ECHO,2442,-4757
19,Snapshot,Gengar#0960,2685,-1904
19,Snapshot,Fruchtig#FOKUS,816,-309
19,Snapshot,VRX ProfPanda#Vyrox,1255,-3622
19,Snapshot,SirBrainz#3745,-106,-5482
19,Snapshot,VRX Kawii#ECHO,2442,-4757
19,Snapshot,Gengar#0960,3331,-2071
19,Snapshot,Noctis#7705,-1707,-3914
19,Snapshot,Fruchtig#FOKUS,582,1324
19,Snapshot,Trashies#6767,-1557,-3610
19,Snapshot,VRX ProfPanda#Vyrox,1665,-3808
19,Snapshot,SirBrainz#3745,-507,-5790
19,Snapshot,VRX Kawii#ECHO,2540,-4720
19,Snapshot,Gengar#0960,1479,2552
20,Snapshot,Noctis#7705,2957,567
20,Snapshot,VRX Saizsu#SRG,-1046,2395
20,Snapshot,Umbra#0202,2786,5013
20,Snapshot,Trashies#6767,3144,-1461
20,Snapshot,VRX ProfPanda#Vyrox,2055,129
20,Snapshot,SirBrainz#3745,-1236,2877
20,Snapshot,VRX Kawii#ECHO,-1193,3468
20,Snapshot,Gengar#0960,1308,-3094
20,Snapshot,Noctis#7705,2957,567
20,Snapshot,VRX Saizsu#SRG,-1037,2371
20,Snapshot,Umbra#0202,2790,5027
20,Snapshot,Trashies#6767,3149,-1490
20,Snapshot,SirBrainz#3745,-1223,2837
20,Snapshot,VRX Kawii#ECHO,-1226,3450
20,Snapshot,Gengar#0960,1308,-3094
20,Snapshot,Noctis#7705,2757,-199
20,Snapshot,VRX Saizsu#SRG,-246,-4824
20,Snapshot,Umbra#0202,3237,1759
20,Snapshot,VRX Kawii#ECHO,-331,-5299
20,Snapshot,Gengar#0960,3077,-1986
20,Snapshot,Noctis#7705,-81,-3156
20,Snapshot,Umbra#0202,249,-4789
20,Snapshot,VRX Kawii#ECHO,1252,-3600
20,Snapshot,Noctis#7705,-108,-3479
20,Snapshot,Umbra#0202,275,-4775
20,Snapshot,Noctis#7705,2719,854
20,Snapshot,VRX Saizsu#SRG,-50,1195
20,Snapshot,Umbra#0202,1465,4424
20,Snapshot,SirBrainz#3745,-1595,-102
20,Snapshot,VRX Kawii#ECHO,-1386,359
20,Snapshot,Gengar#0960,522,-2749
20,Snapshot,Noctis#7705,1898,2525
20,Snapshot,VRX Saizsu#SRG,-2642,2957
20,Snapshot,Umbra#0202,-1554,2964
20,Snapshot,Fruchtig#FOKUS,-362,698
20,Snapshot,Trashies#6767,162,-2170
20,Snapshot,VRX ProfPanda#Vyrox,678,-1302
20,Snapshot,SirBrainz#3745,-1302,1557
20,Snapshot,VRX Kawii#ECHO,-3530,1993
20,Snapshot,Gengar#0960,188,-3641
20,Snapshot,Noctis#7705,45,-2866
20,Snapshot,VRX Saizsu#SRG,754,-4595
20,Snapshot,Umbra#0202,993,-5270
20,Snapshot,VRX Kawii#ECHO,1456,-3442
